{
  "parent": "minecraft:item/handheld_rod",
  "textures": {
    "layer0": "minecraft:item/warped_fungus_on_a_stick"
  },
  "overrides": [
		{"predicate": {"custom_model_data":33000}, "model": "item/water_bucket"},
		{"predicate": {"custom_model_data":33001}, "model": "item/bucket/frog"},
		{"predicate": {"custom_model_data":33002}, "model": "item/bucket/bat"},
		{"predicate": {"custom_model_data":33003}, "model": "item/bucket/cat"},
		{"predicate": {"custom_model_data":33004}, "model": "item/bucket/chicken"},
		{"predicate": {"custom_model_data":33005}, "model": "item/bucket/fox"},
		{"predicate": {"custom_model_data":33006}, "model": "item/bucket/ocelot"},
		{"predicate": {"custom_model_data":33007}, "model": "item/bucket/parrot"},
		{"predicate": {"custom_model_data":33008}, "model": "item/bucket/rabbit"},
		{"predicate": {"custom_model_data":33009}, "model": "item/bucket/bee"},
		{"predicate": {"custom_model_data":33010}, "model": "item/bucket/wolf"},
		{"predicate": {"custom_model_data":33011}, "model": "item/bucket/endermite"},
		{"predicate": {"custom_model_data":33012}, "model": "item/bucket/silverfish"},
		{"predicate": {"custom_model_data":33013}, "model": "item/bucket/vex"},
		{"predicate": {"custom_model_data":33014}, "model": "item/bucket/cow"},
		{"predicate": {"custom_model_data":33015}, "model": "item/bucket/glow_squid"},
		{"predicate": {"custom_model_data":33016}, "model": "item/bucket/mooshroom"},
		{"predicate": {"custom_model_data":33017}, "model": "item/bucket/pig"},
		{"predicate": {"custom_model_data":33018}, "model": "item/bucket/sheep"},
		{"predicate": {"custom_model_data":33019}, "model": "item/bucket/snow_golem"},
		{"predicate": {"custom_model_data":33020}, "model": "item/bucket/squid"},
		{"predicate": {"custom_model_data":33021}, "model": "item/bucket/turtle"},
		{"predicate": {"custom_model_data":33022}, "model": "item/bucket/cave_spider"},
		{"predicate": {"custom_model_data":33023}, "model": "item/bucket/dolphin"},
		{"predicate": {"custom_model_data":33024}, "model": "item/bucket/goat"},
		{"predicate": {"custom_model_data":33025}, "model": "item/bucket/piglin"},
		{"predicate": {"custom_model_data":33026}, "model": "item/bucket/zombified_piglin"},
		{"predicate": {"custom_model_data":33027}, "model": "item/bucket/blaze"},
		{"predicate": {"custom_model_data":33028}, "model": "item/bucket/zombie"},
		{"predicate": {"custom_model_data":33029}, "model": "item/bucket/creeper"},
		{"predicate": {"custom_model_data":33030}, "model": "item/bucket/drowned"},
		{"predicate": {"custom_model_data":33031}, "model": "item/bucket/evoker"},
		{"predicate": {"custom_model_data":33032}, "model": "item/bucket/guardian"},
		{"predicate": {"custom_model_data":33033}, "model": "item/bucket/husk"},
		{"predicate": {"custom_model_data":33034}, "model": "item/bucket/magma_cube"},
		{"predicate": {"custom_model_data":33035}, "model": "item/bucket/piglin_brute"},
		{"predicate": {"custom_model_data":33036}, "model": "item/bucket/pillager"},
		{"predicate": {"custom_model_data":33037}, "model": "item/bucket/shulker"},
		{"predicate": {"custom_model_data":33038}, "model": "item/bucket/skeleton"},
		{"predicate": {"custom_model_data":33039}, "model": "item/bucket/slime"},
		{"predicate": {"custom_model_data":33040}, "model": "item/bucket/stray"},
		{"predicate": {"custom_model_data":33041}, "model": "item/bucket/vindicator"},
		{"predicate": {"custom_model_data":33042}, "model": "item/bucket/witch"},
		{"predicate": {"custom_model_data":33043}, "model": "item/bucket/wither_skeleton"},
		{"predicate": {"custom_model_data":33044}, "model": "item/bucket/zombie_villager"},
		{"predicate": {"custom_model_data":33045}, "model": "item/bucket/enderman"},
		{"predicate": {"custom_model_data":33046}, "model": "item/bucket/iron_golem"},
		{"predicate": {"custom_model_data":33047}, "model": "item/bucket/panda"},
		{"predicate": {"custom_model_data":33048}, "model": "item/bucket/polar_bear"},
		{"predicate": {"custom_model_data":33049}, "model": "item/bucket/spider"},
		{"predicate": {"custom_model_data":33050}, "model": "item/bucket/elder_guardian"},
		{"predicate": {"custom_model_data":33051}, "model": "item/bucket/ghast"},
		{"predicate": {"custom_model_data":33052}, "model": "item/bucket/hoglin"},
		{"predicate": {"custom_model_data":33053}, "model": "item/bucket/ravager"},
		{"predicate": {"custom_model_data":33054}, "model": "item/bucket/warden"},
		{"predicate": {"custom_model_data":33055}, "model": "item/bucket/zoglin"},
		{"predicate": {"custom_model_data":33056}, "model": "item/bucket/ender_dragon"},
		{"predicate": {"custom_model_data":33057}, "model": "item/bucket/wither"},
		{"predicate": {"custom_model_data":33058}, "model": "item/bucket/phantom"},
		{"predicate": {"custom_model_data":33059}, "model": "item/bucket/illusioner"},
		{"predicate": {"custom_model_data":33060}, "model": "item/bucket/giant"},
		{"predicate": {"custom_model_data":33061}, "model": "item/bucket/villager"},
		{"predicate": {"custom_model_data":33062}, "model": "item/bucket/wandering_trader"},
		{"predicate": {"custom_model_data":33063}, "model": "item/bucket/llama"},
		{"predicate": {"custom_model_data":33064}, "model": "item/bucket/horse"},
		{"predicate": {"custom_model_data":33065}, "model": "item/bucket/mule"},
		{"predicate": {"custom_model_data":33066}, "model": "item/bucket/donkey"},
		{"predicate": {"custom_model_data":33067}, "model": "item/bucket/trader_llama"},
		{"predicate": {"custom_model_data":33068}, "model": "item/bucket/zombie_horse"},
		{"predicate": {"custom_model_data":33069}, "model": "item/bucket/skeleton_horse"},
		{"predicate": {"custom_model_data":33070}, "model": "item/bucket/strider"},
		{"predicate": {"custom_model_data":33071}, "model": "item/bucket/allay"}
    ]
}